<Project><TNode name="Production_Demo_800x480(Editor_V4.32)" type="0"><TNode name="Pages" type="256"><TNode name="PG0000-首页" type="258"/><TNode name="PG0001-Operation" type="258"/><TNode name="PG0002-Menu" type="258"/><TNode name="PG0003-Input" type="258"/><TNode name="PG0004-pip" type="258"/><TNode name="PG0005-English-pip" type="258"/></TNode><TNode name="Background Images" type="768"><TNode name="DP0000-首页" type="770"/><TNode name="DP0001-背景(800x480)" type="770"/><TNode name="DP0002-PIP" type="770"/><TNode name="DP0003-English-PIP-Fg" type="770"/><TNode name="DP0004-English-PIP-Bg" type="770"/></TNode><TNode name="Icons" type="512"><TNode name="DI0000-输入框2" type="514"/><TNode name="DI0001-clock-Bg" type="514"/><TNode name="DI0002-运算按钮" type="514"/><TNode name="DI0003-input-Bg" type="514"/><TNode name="DI0004-Menu-Bg" type="514"/><TNode name="DI0005-Operation-Bg" type="514"/><TNode name="DI0006-输入框1" type="514"/><TNode name="DI0007-Operation-Icon" type="514"/><TNode name="DI0008-input-Icon" type="514"/><TNode name="DI0009-Menu-Icon" type="514"/></TNode><TNode name="Animations" type="1024"/><TNode name="Variables(VP)" type="1280"><TNode name="String Variables" type="1287"><TNode name="0x000000-BUFF" type="20560"/><TNode name="0x000080" type="1289"/><TNode name="0x000100" type="1289"/><TNode name="0x000180" type="1289"/><TNode name="0x000200" type="1289"/><TNode name="0x000280" type="1289"/><TNode name="0x000300" type="1289"/><TNode name="0x000380" type="1289"/><TNode name="0x000400" type="1289"/><TNode name="0x000480" type="1289"/></TNode><TNode name="16bit Number Variables" type="1297"><TNode name="0x080000" type="1299"/></TNode><TNode name="32bit Number Variables" type="1281"><TNode name="0x02FFE0-Timer0" type="1361"/><TNode name="0x02FFE4-Timer1" type="1362"/><TNode name="0x02FFE8-Timer2" type="1363"/><TNode name="0x02FFEC-Timer3" type="1364"/><TNode name="0x02FFF0-Timer4" type="1365"/><TNode name="0x02FFF4-Timer5" type="1366"/><TNode name="0x02FFF8-Timer6" type="1367"/><TNode name="0x02FFFC-Timer7" type="1368"/></TNode><TNode name="64bit Number Variables" type="1284"><TNode name="0x030000" type="1286"/></TNode><TNode name="Graph Variables" type="1792"/><TNode name="Bitmap Variables" type="1537"/><TNode name="System Registers" type="1360"><TNode name="0xFFFF00-Timer_Ctrl0" type="1369"/><TNode name="0xFFFF01-Timer_Ctrl1" type="1369"/><TNode name="0xFFFF02-Timer_Ctrl2" type="1369"/><TNode name="0xFFFF03-Timer_Ctrl3" type="1369"/><TNode name="0xFFFF04-Timer_Ctrl4" type="1369"/><TNode name="0xFFFF05-Timer_Ctrl5" type="1369"/><TNode name="0xFFFF06-Timer_Ctrl6" type="1369"/><TNode name="0xFFFF07-Timer_Ctrl7" type="1369"/><TNode name="0xFFFF10-RTC_Year" type="1369"/><TNode name="0xFFFF11-RTC_Month" type="1369"/><TNode name="0xFFFF12-RTC_Day" type="1369"/><TNode name="0xFFFF13-RTC_Hour" type="1369"/><TNode name="0xFFFF14-RTC_Minute" type="1369"/><TNode name="0xFFFF15-RTC_Second" type="1369"/><TNode name="0xFFFF16-RTC_Set" type="1369"/><TNode name="0xFFFF20-Buzzer" type="1369"/><TNode name="0xFFFF21-Backlight" type="1369"/><TNode name="0xFFFF22-ScreenSaverBacklight" type="1369"/><TNode name="0xFFFF23-ScreenSaverPage_H" type="1369"/><TNode name="0xFFFF24-ScreenSaverPage_L" type="1369"/><TNode name="0xFFFF25-ScreenSaverTime1_H" type="1369"/><TNode name="0xFFFF26-ScreenSaverTime1_L" type="1369"/><TNode name="0xFFFF27-ScreenSaverTime2_H" type="1369"/><TNode name="0xFFFF28-ScreenSaverTime2_L" type="1369"/><TNode name="0xFFFF30-Font_CodePage" type="1369"/><TNode name="0xFFFF31-Font_Country" type="1369"/></TNode></TNode><TNode name="USR.BIN" type="1540"/><TNode name="USB Access Lock" type="1539"/></TNode></Project>
