<Project><TNode name="button-output" type="0"><TNode name="Pages" type="256"><TNode name="PG0000" type="258"/><TNode name="PG0001" type="258"/><TNode name="PG0002" type="258"/></TNode><TNode name="Background Images" type="768"><TNode name="DP0000-PAGE1-DN" type="770"/><TNode name="DP0002-PAGE1" type="770"/><TNode name="DP0004-PAGE2" type="770"/><TNode name="DP0005-PAGE2-dn" type="770"/><TNode name="DP0006-PAGE3" type="770"/><TNode name="DP0007-PAGE3-DN" type="770"/></TNode><TNode name="Icons" type="512"/><TNode name="Animations" type="1024"/><TNode name="Variables(VP)" type="1280"><TNode name="String Variables" type="1287"><TNode name="0x000000-BUFF" type="20560"/><TNode name="0x000080" type="1289"/><TNode name="0x000100" type="1289"/></TNode><TNode name="16 Bit Number Variables" type="1297"><TNode name="0x080000" type="1299"/><TNode name="0x080002" type="1299"/></TNode><TNode name="32 Bit Number Variables" type="1281"><TNode name="0x020000" type="1283"/><TNode name="0x020004" type="1283"/><TNode name="0x02FFE0-Timer0" type="1361"/><TNode name="0x02FFE4-Timer1" type="1362"/><TNode name="0x02FFE8-Timer2" type="1363"/><TNode name="0x02FFEC-Timer3" type="1364"/><TNode name="0x02FFF0-Timer4" type="1365"/><TNode name="0x02FFF4-Timer5" type="1366"/><TNode name="0x02FFF8-Timer6" type="1367"/><TNode name="0x02FFFC-Timer7" type="1368"/></TNode><TNode name="64 Bit Number Variables" type="1284"/><TNode name="Graph Variables" type="1792"/><TNode name="Bitmap Variables" type="1537"/><TNode name="System Registers" type="1360"><TNode name="0xFFFF00-Timer_Ctrl0" type="1369"/><TNode name="0xFFFF01-Timer_Ctrl1" type="1369"/><TNode name="0xFFFF02-Timer_Ctrl2" type="1369"/><TNode name="0xFFFF03-Timer_Ctrl3" type="1369"/><TNode name="0xFFFF04-Timer_Ctrl4" type="1369"/><TNode name="0xFFFF05-Timer_Ctrl5" type="1369"/><TNode name="0xFFFF06-Timer_Ctrl6" type="1369"/><TNode name="0xFFFF07-Timer_Ctrl7" type="1369"/><TNode name="0xFFFF10-RTC_Year" type="1369"/><TNode name="0xFFFF11-RTC_Month" type="1369"/><TNode name="0xFFFF12-RTC_Day" type="1369"/><TNode name="0xFFFF13-RTC_Hour" type="1369"/><TNode name="0xFFFF14-RTC_Minute" type="1369"/><TNode name="0xFFFF15-RTC_Second" type="1369"/><TNode name="0xFFFF16-RTC_Set" type="1369"/><TNode name="0xFFFF20-Buzzer" type="1369"/><TNode name="0xFFFF21-Backlight" type="1369"/><TNode name="0xFFFF22-ScreenSaverBacklight" type="1369"/><TNode name="0xFFFF23-ScreenSaverPage_H" type="1369"/><TNode name="0xFFFF24-ScreenSaverPage_L" type="1369"/><TNode name="0xFFFF25-ScreenSaverTime1_H" type="1369"/><TNode name="0xFFFF26-ScreenSaverTime1_L" type="1369"/><TNode name="0xFFFF27-ScreenSaverTime2_H" type="1369"/><TNode name="0xFFFF28-ScreenSaverTime2_L" type="1369"/><TNode name="0xFFFF30-Font_CodePage" type="1369"/><TNode name="0xFFFF31-Font_Country" type="1369"/></TNode></TNode><TNode name="USR.BIN" type="1540"/><TNode name="USB Access Lock" type="1539"/></TNode></Project>
